{
  "num_successes": [
    122
  ],
  "reused_lemmas_count": [
    94,
    94,
    93,
    91,
    87,
    84,
    79,
    68,
    55,
    46,
    33,
    24,
    16,
    9,
    4,
    3,
    2,
    1,
    1,
    1,
    1
  ],
  "task_with_reuse_count": [
    98,
    98,
    96,
    96,
    95,
    94,
    89,
    86,
    78,
    66,
    50,
    38,
    22,
    12,
    7,
    4,
    3,
    2,
    2,
    2,
    2
  ],
  "task_with_use_count": [
    [
      119,
      119,
      118,
      117,
      116,
      115,
      112,
      111,
      104,
      92,
      84,
      75,
      58,
      48,
      42,
      38,
      36,
      33,
      32,
      30,
      28
    ]
  ],
  "thresholds": [
    0.0,
    0.05,
    0.1,
    0.15000000000000002,
    0.2,
    0.25,
    0.30000000000000004,
    0.35000000000000003,
    0.4,
    0.45,
    0.5,
    0.55,
    0.6000000000000001,
    0.65,
    0.7000000000000001,
    0.75,
    0.8,
    0.8500000000000001,
    0.9,
    0.9500000000000001,
    1.0
  ],
  "used_lemmas_count": [
    [
      335,
      335,
      330,
      321,
      318,
      307,
      291,
      267,
      246,
      218,
      185,
      158,
      130,
      105,
      92,
      75,
      64,
      58,
      52,
      47,
      39
    ]
  ]
}