{
  "num_successes": [
    135
  ],
  "reused_lemmas_count": [
    85,
    85,
    84,
    83,
    81,
    78,
    73,
    64,
    56,
    42,
    34,
    27,
    16,
    9,
    5,
    2,
    1,
    1,
    1,
    0,
    0
  ],
  "task_with_reuse_count": [
    128,
    128,
    127,
    125,
    124,
    122,
    118,
    106,
    96,
    76,
    64,
    40,
    25,
    13,
    6,
    3,
    2,
    2,
    0,
    0,
    0
  ],
  "task_with_use_count": [
    [
      133,
      133,
      132,
      131,
      131,
      131,
      128,
      120,
      115,
      98,
      87,
      65,
      54,
      39,
      31,
      26,
      21,
      20,
      19,
      17,
      17
    ]
  ],
  "thresholds": [
    0.0,
    0.05,
    0.1,
    0.15000000000000002,
    0.2,
    0.25,
    0.30000000000000004,
    0.35000000000000003,
    0.4,
    0.45,
    0.5,
    0.55,
    0.6000000000000001,
    0.65,
    0.7000000000000001,
    0.75,
    0.8,
    0.8500000000000001,
    0.9,
    0.9500000000000001,
    1.0
  ],
  "used_lemmas_count": [
    [
      261,
      261,
      260,
      256,
      252,
      246,
      228,
      209,
      188,
      166,
      138,
      120,
      103,
      85,
      64,
      52,
      46,
      38,
      33,
      30,
      25
    ]
  ]
}