{
  "num_successes": [
    111
  ],
  "reused_lemmas_count": [
    62,
    62,
    60,
    58,
    56,
    52,
    46,
    42,
    38,
    35,
    23,
    14,
    9,
    4,
    3,
    2,
    0,
    0,
    0,
    0,
    0
  ],
  "task_with_reuse_count": [
    83,
    82,
    81,
    80,
    75,
    73,
    69,
    67,
    62,
    49,
    39,
    25,
    15,
    8,
    5,
    2,
    0,
    0,
    0,
    0,
    0
  ],
  "task_with_use_count": [
    [
      109,
      109,
      109,
      108,
      103,
      103,
      98,
      94,
      88,
      76,
      71,
      57,
      44,
      33,
      27,
      24,
      23,
      22,
      21,
      17,
      16
    ]
  ],
  "thresholds": [
    0.0,
    0.05,
    0.1,
    0.15000000000000002,
    0.2,
    0.25,
    0.30000000000000004,
    0.35000000000000003,
    0.4,
    0.45,
    0.5,
    0.55,
    0.6000000000000001,
    0.65,
    0.7000000000000001,
    0.75,
    0.8,
    0.8500000000000001,
    0.9,
    0.9500000000000001,
    1.0
  ],
  "used_lemmas_count": [
    [
      252,
      252,
      249,
      241,
      234,
      221,
      211,
      183,
      168,
      149,
      126,
      110,
      85,
      65,
      49,
      35,
      30,
      27,
      25,
      24,
      20
    ]
  ]
}