{
  "num_successes": [
    127
  ],
  "reused_lemmas_count": [
    117,
    117,
    117,
    111,
    109,
    102,
    97,
    84,
    72,
    59,
    46,
    31,
    14,
    4,
    0,
    0,
    0,
    0,
    0,
    0,
    0
  ],
  "task_with_reuse_count": [
    121,
    121,
    121,
    118,
    116,
    116,
    112,
    100,
    85,
    73,
    60,
    41,
    14,
    3,
    0,
    0,
    0,
    0,
    0,
    0,
    0
  ],
  "task_with_use_count": [
    [
      124,
      124,
      124,
      123,
      123,
      123,
      120,
      112,
      100,
      91,
      80,
      68,
      45,
      36,
      30,
      28,
      27,
      25,
      25,
      23,
      19
    ]
  ],
  "thresholds": [
    0.0,
    0.05,
    0.1,
    0.15000000000000002,
    0.2,
    0.25,
    0.30000000000000004,
    0.35000000000000003,
    0.4,
    0.45,
    0.5,
    0.55,
    0.6000000000000001,
    0.65,
    0.7000000000000001,
    0.75,
    0.8,
    0.8500000000000001,
    0.9,
    0.9500000000000001,
    1.0
  ],
  "used_lemmas_count": [
    [
      371,
      371,
      365,
      361,
      352,
      337,
      331,
      298,
      260,
      219,
      189,
      163,
      127,
      103,
      80,
      64,
      55,
      47,
      42,
      42,
      37
    ]
  ]
}