model,dataset,run,in_M,out_M,ada_K
dsp,test12,1,0.98249, 0.31316, 0.0
dsp,test12,2,0.99025, 0.31029, 0.0
dsp,test12,3,0.98820, 0.31095, 0.0
lp,test12,1,4.26, 3.21, 319.81
lp,test12,2-3,8.69, 6.48, 653.63