model,dataset,run,in_M,out_M,ada_K
dsp,test,1,116.465494,72.347152,0
dsp,test,2,116.115213,72.194095,0
dsp,test,3,115.389228,71.760408,0