model,dataset,run,in_M,out_M,ada_K
lp,test24,1,12.646315,12.369887,UNRECORDED
lp,test24,2,12.890834,12.65876,UNRECORDED
lp,test24,3,12.817632,12.257336,UNRECORDED
dsp,test24,1,14.001068,8.799873,0
dsp,test24,2,14.001068,8.83764,0
dsp,test24,3,14.637303,9.162601,0